ticker,name,market
MMM,,us
AOS,,us
ABT,,us
ABBV,,us
ACN,,us
ADBE,,us
AMD,,us
AES,,us
AFL,,us
A,,us
APD,,us
ABNB,,us
AKAM,,us
ALB,,us
ARE,,us
ALGN,,us
ALLE,,us
LNT,,us
ALL,,us
GOOGL,,us
GOOG,,us
MO,,us
AMZN,,us
AMCR,,us
AEE,,us
AEP,,us
AXP,,us
AIG,,us
AMT,,us
AWK,,us
AMP,,us
AME,,us
AMGN,,us
APH,,us
ADI,,us
AON,,us
APA,,us
APO,,us
AAPL,,us
AMAT,,us
APP,,us
APTV,,us
ACGL,,us
ADM,,us
ARES,,us
ANET,,us
AJG,,us
AIZ,,us
T,,us
ATO,,us
ADSK,,us
ADP,,us
AZO,,us
AVY,,us
AXON,,us
BKR,,us
BALL,,us
BAC,,us
BAX,,us
BDX,,us
BRK-B,,us
BBY,,us
TECH,,us
BIIB,,us
BLK,,us
BX,,us
XYZ,,us
BE,,us
BNY,,us
BA,,us
BKNG,,us
BSX,,us
BMY,,us
AVGO,,us
BR,,us
BRO,,us
BF-B,,us
BG,,us
BXP,,us
CHRW,,us
CDNS,,us
CPT,,us
COF,,us
CAH,,us
CCL,,us
CARR,,us
CVNA,,us
CASY,,us
CAT,,us
CBOE,,us
CBRE,,us
CDW,,us
COR,,us
CNC,,us
CNP,,us
CF,,us
CRL,,us
SCHW,,us
CHTR,,us
CVX,,us
CMG,,us
CB,,us
CHD,,us
CIEN,,us
CI,,us
CINF,,us
CTAS,,us
CSCO,,us
C,,us
CFG,,us
CLX,,us
CME,,us
CMS,,us
KO,,us
CTSH,,us
COHR,,us
COIN,,us
CL,,us
CMCSA,,us
FIX,,us
COP,,us
ED,,us
STZ,,us
CEG,,us
COO,,us
CPRT,,us
GLW,,us
CPAY,,us
CTVA,,us
CSGP,,us
COST,,us
CRH,,us
CRWD,,us
CCI,,us
CSX,,us
CMI,,us
CVS,,us
DHR,,us
DRI,,us
DDOG,,us
DVA,,us
DECK,,us
DE,,us
DELL,,us
DAL,,us
DVN,,us
DXCM,,us
FANG,,us
DLR,,us
DG,,us
DLTR,,us
D,,us
DPZ,,us
DASH,,us
DOV,,us
DOW,,us
DHI,,us
DTE,,us
DUK,,us
DD,,us
ETN,,us
EBAY,,us
ECHO,,us
ECL,,us
EIX,,us
EW,,us
ELV,,us
EME,,us
EMR,,us
ETR,,us
EOG,,us
EQT,,us
EFX,,us
EQIX,,us
ERIE,,us
ESS,,us
EL,,us
EG,,us
EVRG,,us
P,,us
ES,,us
EXC,,us
EXE,,us
EXPE,,us
EXPD,,us
EXR,,us
XOM,,us
FFIV,,us
FDS,,us
FICO,,us
FAST,,us
FRT,,us
FDX,,us
FDXF,,us
FERG,,us
FIS,,us
FITB,,us
FSLR,,us
FE,,us
FISV,,us
FLEX,,us
F,,us
FTNT,,us
FTV,,us
FOXA,,us
FOX,,us
BEN,,us
FCX,,us
GRMN,,us
IT,,us
GE,,us
GEHC,,us
GEV,,us
GEN,,us
GNRC,,us
GD,,us
GIS,,us
GM,,us
GPC,,us
GILD,,us
GPN,,us
GL,,us
GDDY,,us
GS,,us
HAL,,us
HIG,,us
HAS,,us
HCA,,us
DOC,,us
HSIC,,us
HSY,,us
HPE,,us
HLT,,us
HD,,us
HONA,,us
HON,,us
HRL,,us
HST,,us
HWM,,us
HPQ,,us
HUBB,,us
HUM,,us
HBAN,,us
HII,,us
IBM,,us
IEX,,us
IDXX,,us
ITW,,us
ILMN,,us
INCY,,us
IR,,us
PODD,,us
INTC,,us
IBKR,,us
ICE,,us
IFF,,us
IP,,us
INTU,,us
ISRG,,us
IVZ,,us
INVH,,us
IQV,,us
IRM,,us
JBHT,,us
JBL,,us
JKHY,,us
J,,us
JNJ,,us
JCI,,us
JPM,,us
KVUE,,us
KDP,,us
KEY,,us
KEYS,,us
KMB,,us
KIM,,us
KMI,,us
KKR,,us
KLAC,,us
KHC,,us
KR,,us
LHX,,us
LH,,us
LRCX,,us
LVS,,us
LDOS,,us
LEN,,us
LII,,us
LLY,,us
LIN,,us
LYV,,us
LMT,,us
L,,us
LOW,,us
LULU,,us
LITE,,us
LYB,,us
MTB,,us
MPC,,us
MAR,,us
MRSH,,us
MLM,,us
MRVL,,us
MAS,,us
MA,,us
MKC,,us
MCD,,us
MCK,,us
MDT,,us
MRK,,us
META,,us
MET,,us
MTD,,us
MGM,,us
MCHP,,us
MU,,us
MSFT,,us
MAA,,us
MRNA,,us
MDLZ,,us
MPWR,,us
MNST,,us
MCO,,us
MS,,us
MOS,,us
MSI,,us
MSCI,,us
NDAQ,,us
NTAP,,us
NFLX,,us
NEM,,us
NWSA,,us
NWS,,us
NEE,,us
NKE,,us
NI,,us
NDSN,,us
NSC,,us
NTRS,,us
NOC,,us
NCLH,,us
NRG,,us
NUE,,us
NVDA,,us
NVR,,us
NXPI,,us
ORLY,,us
OXY,,us
ODFL,,us
OMC,,us
ON,,us
OKE,,us
ORCL,,us
OTIS,,us
PCAR,,us
PKG,,us
PLTR,,us
PANW,,us
PSKY,,us
PH,,us
PAYX,,us
PYPL,,us
PNR,,us
PEP,,us
PFE,,us
PCG,,us
PM,,us
PSX,,us
PNW,,us
PNC,,us
PPG,,us
PPL,,us
PFG,,us
PG,,us
PGR,,us
PLD,,us
PRU,,us
PEG,,us
PTC,,us
PSA,,us
PHM,,us
PWR,,us
QCOM,,us
DGX,,us
Q,,us
RL,,us
RJF,,us
RDDT,,us
RTX,,us
O,,us
REG,,us
REGN,,us
RF,,us
RSG,,us
RMD,,us
RVTY,,us
HOOD,,us
ROK,,us
ROL,,us
ROP,,us
ROST,,us
RCL,,us
SPGI,,us
CRM,,us
SNDK,,us
SBAC,,us
SLB,,us
STX,,us
SRE,,us
NOW,,us
SHW,,us
SPG,,us
SWKS,,us
SJM,,us
SW,,us
SNA,,us
SOLV,,us
SO,,us
LUV,,us
SWK,,us
SBUX,,us
STT,,us
STLD,,us
STE,,us
SYK,,us
SMCI,,us
SYF,,us
SNPS,,us
SYY,,us
TMUS,,us
TROW,,us
TTWO,,us
TPR,,us
TRGP,,us
TGT,,us
TEL,,us
TDY,,us
TER,,us
TSLA,,us
TXN,,us
TPL,,us
TXT,,us
TMO,,us
TJX,,us
TKO,,us
TSCO,,us
TT,,us
TDG,,us
TRV,,us
TRMB,,us
TFC,,us
TYL,,us
TSN,,us
USB,,us
UBER,,us
UDR,,us
ULTA,,us
UNP,,us
UAL,,us
UPS,,us
URI,,us
UNH,,us
UHS,,us
VLO,,us
VEEV,,us
VTR,,us
VLTO,,us
VRSN,,us
VRSK,,us
VZ,,us
VRTX,,us
VRT,,us
VTRS,,us
VICI,,us
V,,us
VST,,us
VMRK,,us
VMC,,us
WRB,,us
GWW,,us
WAB,,us
WMT,,us
DIS,,us
WBD,,us
WM,,us
WAT,,us
WEC,,us
WFC,,us
WELL,,us
WST,,us
WDC,,us
WY,,us
WSM,,us
WMB,,us
WTW,,us
WDAY,,us
WYNN,,us
XEL,,us
XYL,,us
YUM,,us
ZBRA,,us
ZBH,,us
ZTS,,us
ALNY,,us
ARM,,us
ASML,,us
ALAB,,us
CCEP,,us
CRWV,,us
FER,,us
MELI,,us
MSTR,,us
NBIS,,us
PDD,,us
RKLB,,us
SHOP,,us
SPCX,,us
TRI,,us
TSM,,us
UMC,,us
ASX,,us
SAP,,us
SONY,,us
INFY,,us
SE,,us
NU,,us
SPOT,,us
NVO,,us
AZN,,us
NVS,,us
SNY,,us
GSK,,us
TAK,,us
HSBC,,us
HDB,,us
IBN,,us
MUFG,,us
SMFG,,us
UBS,,us
BCS,,us
SAN,,us
ING,,us
SHEL,,us
BP,,us
TTE,,us
BHP,,us
RIO,,us
VALE,,us
TM,,us
HMC,,us
UL,,us
DEO,,us
BUD,,us
RACE,,us
BABA,,us
JD,,us
BIDU,,us
NTES,,us
TCOM,,us
2345.TW,智邦科技,tw
3661.TW,世芯-KY,tw
3017.TW,奇鋐科技,tw
6919.TW,康霈生技,tw
5871.TW,中租-KY,tw
2412.TW,中華電信,tw
2308.TW,臺達電子,tw
2383.TW,臺光電,tw
4904.TW,遠傳電信,tw
6505.TW,臺塑石化,tw
2881.TW,富邦金控,tw
2207.TW,和泰汽車,tw
2883.TW,凱基金控,tw
3008.TW,大立光電,tw
2454.TW,聯發科,tw
1303.TW,南亞塑膠,tw
4938.TW,和碩聯合科技,tw
2382.TW,廣達電腦,tw
5876.TW,上海商銀,tw
5880.TW,合庫金控,tw
2330.TW,臺積電,tw
1216.TW,統一企業,tw
2615.TW,萬海航運,tw
6669.TW,緯穎科技,tw
2609.TW,陽明海運,tw
2395.TW,研華科技,tw
3711.TW,日月光投控,tw
2357.TW,華碩電腦,tw
2882.TW,國泰金控,tw
2002.TW,中鋼,tw
2891.TW,中信金控,tw
2884.TW,玉山金控,tw
2603.TW,長榮海運,tw
2892.TW,第一金控,tw
1301.TW,臺塑,tw
2317.TW,鴻海精密,tw
2880.TW,華南金控,tw
2059.TW,川湖科技,tw
2301.TW,光寶科技,tw
2886.TW,兆豐金控,tw
3034.TW,聯詠科技,tw
2912.TW,統一超商,tw
2379.TW,瑞昱半導體,tw
2890.TW,永豐金控,tw
3045.TW,臺灣大哥大,tw
2887.TW,臺新金控,tw
2303.TW,聯電,tw
3231.TW,緯創資通,tw
2327.TW,國巨,tw
2885.TW,元大金控,tw
